name,height,weight,base_experience,type_main,hp,attack,defense,special_attack,special_defense,speed,power_score,strong
bulbasaur,7,69,64,grass,45,49,49,65,65,45,318,0
ivysaur,10,130,142,grass,60,62,63,80,80,60,405,0
venusaur,20,1000,236,grass,80,82,83,100,100,80,525,1
charmander,6,85,62,fire,39,52,43,60,50,65,309,0
charmeleon,11,190,142,fire,58,64,58,80,65,80,405,0
charizard,17,905,240,fire,78,84,78,109,85,100,534,1
squirtle,5,90,63,water,44,48,65,50,64,43,314,0
wartortle,10,225,142,water,59,63,80,65,80,58,405,0
blastoise,16,855,239,water,79,83,100,85,105,78,530,1
caterpie,3,29,39,bug,45,30,35,20,20,45,195,0
metapod,7,99,72,bug,50,20,55,25,25,30,205,0
butterfree,11,320,178,bug,60,45,50,90,80,70,395,0
weedle,3,32,39,bug,40,35,30,20,20,50,195,0
kakuna,6,100,72,bug,45,25,50,25,25,35,205,0
beedrill,10,295,178,bug,65,90,40,45,80,75,395,0
pidgey,3,18,50,normal,40,45,40,35,35,56,251,0
pidgeotto,11,300,122,normal,63,60,55,50,50,71,349,0
pidgeot,15,395,216,normal,83,80,75,70,70,101,479,0
rattata,3,35,51,normal,30,56,35,25,35,72,253,0
raticate,7,185,145,normal,55,81,60,50,70,97,413,0
spearow,3,20,52,normal,40,60,30,31,31,70,262,0
fearow,12,380,155,normal,65,90,65,61,61,100,442,0
ekans,20,69,58,poison,35,60,44,40,54,55,288,0
arbok,35,650,157,poison,60,95,69,65,79,80,448,0
pikachu,4,60,112,electric,35,55,40,50,50,90,320,0
raichu,8,300,218,electric,60,90,55,90,80,110,485,0
sandshrew,6,120,60,ground,50,75,85,20,30,40,300,0
sandslash,10,295,158,ground,75,100,110,45,55,65,450,0
nidoran-f,4,70,55,poison,55,47,52,40,40,41,275,0
nidorina,8,200,128,poison,70,62,67,55,55,56,365,0
nidoqueen,13,600,227,poison,90,92,87,75,85,76,505,0
nidoran-m,5,90,55,poison,46,57,40,40,40,50,273,0
nidorino,9,195,128,poison,61,72,57,55,55,65,365,0
nidoking,14,620,227,poison,81,102,77,85,75,85,505,0
clefairy,6,75,113,fairy,70,45,48,60,65,35,323,0
clefable,13,400,217,fairy,95,70,73,95,90,60,483,0
vulpix,6,99,60,fire,38,41,40,50,65,65,299,0
ninetales,11,199,177,fire,73,76,75,81,100,100,505,0
jigglypuff,5,55,95,normal,115,45,20,45,25,20,270,0
wigglytuff,10,120,196,normal,140,70,45,85,50,45,435,0
zubat,8,75,49,poison,40,45,35,30,40,55,245,0
golbat,16,550,159,poison,75,80,70,65,75,90,455,0
oddish,5,54,64,grass,45,50,55,75,65,30,320,0
gloom,8,86,138,grass,60,65,70,85,75,40,395,0
vileplume,12,186,221,grass,75,80,85,110,90,50,490,0
paras,3,54,57,bug,35,70,55,45,55,25,285,0
parasect,10,295,142,bug,60,95,80,60,80,30,405,0
venonat,10,300,61,bug,60,55,50,40,55,45,305,0
venomoth,15,125,158,bug,70,65,60,90,75,90,450,0
diglett,2,8,53,ground,10,55,25,35,45,95,265,0
dugtrio,7,333,149,ground,35,100,50,50,70,120,425,0
meowth,4,42,58,normal,40,45,35,40,40,90,290,0
persian,10,320,154,normal,65,70,60,65,65,115,440,0
psyduck,8,196,64,water,50,52,48,65,50,55,320,0
golduck,17,766,175,water,80,82,78,95,80,85,500,0
mankey,5,280,61,fighting,40,80,35,35,45,70,305,0
primeape,10,320,159,fighting,65,105,60,60,70,95,455,0
growlithe,7,190,70,fire,55,70,45,70,50,60,350,0
arcanine,19,1550,194,fire,90,110,80,100,80,95,555,1
poliwag,6,124,60,water,40,50,40,40,40,90,300,0
poliwhirl,10,200,135,water,65,65,65,50,50,90,385,0
poliwrath,13,540,230,water,90,95,95,70,90,70,510,1
abra,9,195,62,psychic,25,20,15,105,55,90,310,0
kadabra,13,565,140,psychic,40,35,30,120,70,105,400,0
alakazam,15,480,225,psychic,55,50,45,135,95,120,500,0
machop,8,195,61,fighting,70,80,50,35,35,35,305,0
machoke,15,705,142,fighting,80,100,70,50,60,45,405,0
machamp,16,1300,227,fighting,90,130,80,65,85,55,505,0
bellsprout,7,40,60,grass,50,75,35,70,30,40,300,0
weepinbell,10,64,137,grass,65,90,50,85,45,55,390,0
victreebel,17,155,221,grass,80,105,65,100,70,70,490,0
tentacool,9,455,67,water,40,40,35,50,100,70,335,0
tentacruel,16,550,180,water,80,70,65,80,120,100,515,1
geodude,4,200,60,rock,40,80,100,30,30,20,300,0
graveler,10,1050,137,rock,55,95,115,45,45,35,390,0
golem,14,3000,223,rock,80,120,130,55,65,45,495,0
ponyta,10,300,82,fire,50,85,55,65,65,90,410,0
rapidash,17,950,175,fire,65,100,70,80,80,105,500,0
slowpoke,12,360,63,water,90,65,65,40,40,15,315,0
slowbro,16,785,172,water,95,75,110,100,80,30,490,0
magnemite,3,60,65,electric,25,35,70,95,55,45,325,0
magneton,10,600,163,electric,50,60,95,120,70,70,465,0
farfetchd,8,150,132,normal,52,90,55,58,62,60,377,0
doduo,14,392,62,normal,35,85,45,35,35,75,310,0
dodrio,18,852,165,normal,60,110,70,60,60,110,470,0
seel,11,900,65,water,65,45,55,45,70,45,325,0
dewgong,17,1200,166,water,90,70,80,70,95,70,475,0
grimer,9,300,65,poison,80,80,50,40,50,25,325,0
muk,12,300,175,poison,105,105,75,65,100,50,500,0
shellder,3,40,61,water,30,65,100,45,25,40,305,0
cloyster,15,1325,184,water,50,95,180,85,45,70,525,1
gastly,13,1,62,ghost,30,35,30,100,35,80,310,0
haunter,16,1,142,ghost,45,50,45,115,55,95,405,0
gengar,15,405,225,ghost,60,65,60,130,75,110,500,0
onix,88,2100,77,rock,35,45,160,30,45,70,385,0
drowzee,10,324,66,psychic,60,48,45,43,90,42,328,0
hypno,16,756,169,psychic,85,73,70,73,115,67,483,0
krabby,4,65,65,water,30,105,90,25,25,50,325,0
kingler,13,600,166,water,55,130,115,50,50,75,475,0
voltorb,5,104,66,electric,40,30,50,55,55,100,330,0
electrode,12,666,172,electric,60,50,70,80,80,150,490,0
exeggcute,4,25,65,grass,60,40,80,60,45,40,325,0
exeggutor,20,1200,186,grass,95,95,85,125,75,55,530,1
cubone,4,65,64,ground,50,50,95,40,50,35,320,0
marowak,10,450,149,ground,60,80,110,50,80,45,425,0
hitmonlee,15,498,159,fighting,50,120,53,35,110,87,455,0
hitmonchan,14,502,159,fighting,50,105,79,35,110,76,455,0
lickitung,12,655,77,normal,90,55,75,60,75,30,385,0
koffing,6,10,68,poison,40,65,95,60,45,35,340,0
weezing,12,95,172,poison,65,90,120,85,70,60,490,0
rhyhorn,10,1150,69,ground,80,85,95,30,30,25,345,0
rhydon,19,1200,170,ground,105,130,120,45,45,40,485,0
chansey,11,346,395,normal,250,5,5,35,105,50,450,0
tangela,10,350,87,grass,65,55,115,100,40,60,435,0
kangaskhan,22,800,172,normal,105,95,80,40,80,90,490,0
horsea,4,80,59,water,30,40,70,70,25,60,295,0
seadra,12,250,154,water,55,65,95,95,45,85,440,0
goldeen,6,150,64,water,45,67,60,35,50,63,320,0
seaking,13,390,158,water,80,92,65,65,80,68,450,0
staryu,8,345,68,water,30,45,55,70,55,85,340,0
starmie,11,800,182,water,60,75,85,100,85,115,520,1
mr-mime,13,545,161,psychic,40,45,65,100,120,90,460,0
scyther,15,560,100,bug,70,110,80,55,80,105,500,0
jynx,14,406,159,ice,65,50,35,115,95,95,455,0
electabuzz,11,300,172,electric,65,83,57,95,85,105,490,0
magmar,13,445,173,fire,65,95,57,100,85,93,495,0
pinsir,15,550,175,bug,65,125,100,55,70,85,500,0
tauros,14,884,172,normal,75,100,95,40,70,110,490,0
magikarp,9,100,40,water,20,10,55,15,20,80,200,0
gyarados,65,2350,189,water,95,125,79,60,100,81,540,1
lapras,25,2200,187,water,130,85,80,85,95,60,535,1
ditto,3,40,101,normal,48,48,48,48,48,48,288,0
eevee,3,65,65,normal,55,55,50,45,65,55,325,0
vaporeon,10,290,184,water,130,65,60,110,95,65,525,1
jolteon,8,245,184,electric,65,65,60,110,95,130,525,1
flareon,9,250,184,fire,65,130,60,95,110,65,525,1
porygon,8,365,79,normal,65,60,70,85,75,40,395,0
omanyte,4,75,71,rock,35,40,100,90,55,35,355,0
omastar,10,350,173,rock,70,60,125,115,70,55,495,0
kabuto,5,115,71,rock,30,80,90,55,45,55,355,0
kabutops,13,405,173,rock,60,115,105,65,70,80,495,0
aerodactyl,18,590,180,rock,80,105,65,60,75,130,515,1
snorlax,21,4600,189,normal,160,110,65,65,110,30,540,1
articuno,17,554,261,ice,90,85,100,95,125,85,580,1
zapdos,16,526,261,electric,90,90,85,125,90,100,580,1
moltres,20,600,261,fire,90,100,90,125,85,90,580,1
dratini,18,33,60,dragon,41,64,45,50,50,50,300,0
dragonair,40,165,147,dragon,61,84,65,70,70,70,420,0
dragonite,22,2100,270,dragon,91,134,95,100,100,80,600,1
mewtwo,20,1220,306,psychic,106,110,90,154,90,130,680,1
mew,4,40,270,psychic,100,100,100,100,100,100,600,1
chikorita,9,64,64,grass,45,49,65,49,65,45,318,0
bayleef,12,158,142,grass,60,62,80,63,80,60,405,0
meganium,18,1005,236,grass,80,82,100,83,100,80,525,1
cyndaquil,5,79,62,fire,39,52,43,60,50,65,309,0
quilava,9,190,142,fire,58,64,58,80,65,80,405,0
typhlosion,17,795,240,fire,78,84,78,109,85,100,534,1
totodile,6,95,63,water,50,65,64,44,48,43,314,0
croconaw,11,250,142,water,65,80,80,59,63,58,405,0
feraligatr,23,888,239,water,85,105,100,79,83,78,530,1
sentret,8,60,43,normal,35,46,34,35,45,20,215,0
furret,18,325,145,normal,85,76,64,45,55,90,415,0
hoothoot,7,212,52,normal,60,30,30,36,56,50,262,0
noctowl,16,408,158,normal,100,50,50,86,96,70,452,0
ledyba,10,108,53,bug,40,20,30,40,80,55,265,0
ledian,14,356,137,bug,55,35,50,55,110,85,390,0
spinarak,5,85,50,bug,40,60,40,40,40,30,250,0
ariados,11,335,140,bug,70,90,70,60,70,40,400,0
crobat,18,750,241,poison,85,90,80,70,80,130,535,1
chinchou,5,120,66,water,75,38,38,56,56,67,330,0
lanturn,12,225,161,water,125,58,58,76,76,67,460,0
pichu,3,20,41,electric,20,40,15,35,35,60,205,0
cleffa,3,30,44,fairy,50,25,28,45,55,15,218,0
igglybuff,3,10,42,normal,90,30,15,40,20,15,210,0
togepi,3,15,49,fairy,35,20,65,40,65,20,245,0
togetic,6,32,142,fairy,55,40,85,80,105,40,405,0
natu,2,20,64,psychic,40,50,45,70,45,70,320,0
xatu,15,150,165,psychic,65,75,70,95,70,95,470,0
mareep,6,78,56,electric,55,40,40,65,45,35,280,0
flaaffy,8,133,128,electric,70,55,55,80,60,45,365,0
ampharos,14,615,230,electric,90,75,85,115,90,55,510,1
bellossom,4,58,221,grass,75,80,95,90,100,50,490,0
marill,4,85,88,water,70,20,50,20,50,40,250,0
azumarill,8,285,189,water,100,50,80,60,80,50,420,0
sudowoodo,12,380,144,rock,70,100,115,30,65,30,410,0
politoed,11,339,225,water,90,75,75,90,100,70,500,0
hoppip,4,5,50,grass,35,35,40,35,55,50,250,0
skiploom,6,10,119,grass,55,45,50,45,65,80,340,0
jumpluff,8,30,207,grass,75,55,70,55,95,110,460,0
aipom,8,115,72,normal,55,70,55,40,55,85,360,0
sunkern,3,18,36,grass,30,30,30,30,30,30,180,0
sunflora,8,85,149,grass,75,75,55,105,85,30,425,0
yanma,12,380,78,bug,65,65,45,75,45,95,390,0
wooper,4,85,42,water,55,45,45,25,25,15,210,0
quagsire,14,750,151,water,95,85,85,65,65,35,430,0
espeon,9,265,184,psychic,65,65,60,130,95,110,525,1
umbreon,10,270,184,dark,95,65,110,60,130,65,525,1
murkrow,5,21,81,dark,60,85,42,85,42,91,405,0
slowking,20,795,172,water,95,75,80,100,110,30,490,0
misdreavus,7,10,87,ghost,60,60,60,85,85,85,435,0
unown,5,50,118,psychic,48,72,48,72,48,48,336,0
wobbuffet,13,285,142,psychic,190,33,58,33,58,33,405,0
girafarig,15,415,159,normal,70,80,65,90,65,85,455,0
pineco,6,72,58,bug,50,65,90,35,35,15,290,0
forretress,12,1258,163,bug,75,90,140,60,60,40,465,0
dunsparce,15,140,145,normal,100,70,70,65,65,45,415,0
gligar,11,648,86,ground,65,75,105,35,65,85,430,0
steelix,92,4000,179,steel,75,85,200,55,65,30,510,1
snubbull,6,78,60,fairy,60,80,50,40,40,30,300,0
granbull,14,487,158,fairy,90,120,75,60,60,45,450,0
qwilfish,5,39,88,water,65,95,85,55,55,85,440,0
scizor,18,1180,175,bug,70,130,100,55,80,65,500,0
shuckle,6,205,177,bug,20,10,230,10,230,5,505,0
heracross,15,540,175,bug,80,125,75,40,95,85,500,0
sneasel,9,280,86,dark,55,95,55,35,75,115,430,0
teddiursa,6,88,66,normal,60,80,50,50,50,40,330,0
ursaring,18,1258,175,normal,90,130,75,75,75,55,500,0
slugma,7,350,50,fire,40,40,40,70,40,20,250,0
magcargo,8,550,151,fire,60,50,120,90,80,30,430,0
swinub,4,65,50,ice,50,50,40,30,30,50,250,0
piloswine,11,558,158,ice,100,100,80,60,60,50,450,0
corsola,6,50,144,water,65,55,95,65,95,35,410,0
remoraid,6,120,60,water,35,65,35,65,35,65,300,0
octillery,9,285,168,water,75,105,75,105,75,45,480,0
delibird,9,160,116,ice,45,55,45,65,45,75,330,0
mantine,21,2200,170,water,85,40,70,80,140,70,485,0
skarmory,17,505,163,steel,65,80,140,40,70,70,465,0
houndour,6,108,66,dark,45,60,30,80,50,65,330,0
houndoom,14,350,175,dark,75,90,50,110,80,95,500,0
kingdra,18,1520,243,water,75,95,95,95,95,85,540,1
phanpy,5,335,66,ground,90,60,60,40,40,40,330,0
donphan,11,1200,175,ground,90,120,120,60,60,50,500,0
porygon2,6,325,180,normal,85,80,90,105,95,60,515,1
stantler,14,712,163,normal,73,95,62,85,65,85,465,0
smeargle,12,580,88,normal,55,20,35,20,45,75,250,0
tyrogue,7,210,42,fighting,35,35,35,35,35,35,210,0
hitmontop,14,480,159,fighting,50,95,95,35,110,70,455,0
smoochum,4,60,61,ice,45,30,15,85,65,65,305,0
elekid,6,235,72,electric,45,63,37,65,55,95,360,0
magby,7,214,73,fire,45,75,37,70,55,83,365,0
miltank,12,755,172,normal,95,80,105,40,70,100,490,0
blissey,15,468,608,normal,255,10,10,75,135,55,540,1
raikou,19,1780,261,electric,90,85,75,115,100,115,580,1
entei,21,1980,261,fire,115,115,85,90,75,100,580,1
suicune,20,1870,261,water,100,75,115,90,115,85,580,1
larvitar,6,720,60,rock,50,64,50,45,50,41,300,0
pupitar,12,1520,144,rock,70,84,70,65,70,51,410,0
tyranitar,20,2020,270,rock,100,134,110,95,100,61,600,1
lugia,52,2160,306,psychic,106,90,130,90,154,110,680,1
ho-oh,38,1990,306,fire,106,130,90,110,154,90,680,1
celebi,6,50,270,psychic,100,100,100,100,100,100,600,1
treecko,5,50,62,grass,40,45,35,65,55,70,310,0
grovyle,9,216,142,grass,50,65,45,85,65,95,405,0
sceptile,17,522,239,grass,70,85,65,105,85,120,530,1
torchic,4,25,62,fire,45,60,40,70,50,45,310,0
combusken,9,195,142,fire,60,85,60,85,60,55,405,0
blaziken,19,520,239,fire,80,120,70,110,70,80,530,1
mudkip,4,76,62,water,50,70,50,50,50,40,310,0
marshtomp,7,280,142,water,70,85,70,60,70,50,405,0
swampert,15,819,241,water,100,110,90,85,90,60,535,1
poochyena,5,136,56,dark,35,55,35,30,30,35,220,0
mightyena,10,370,147,dark,70,90,70,60,60,70,420,0
zigzagoon,4,175,56,normal,38,30,41,30,41,60,240,0
linoone,5,325,147,normal,78,70,61,50,61,100,420,0
wurmple,3,36,56,bug,45,45,35,20,30,20,195,0
silcoon,6,100,72,bug,50,35,55,25,25,15,205,0
beautifly,10,284,178,bug,60,70,50,100,50,65,395,0
cascoon,7,115,72,bug,50,35,55,25,25,15,205,0
dustox,12,316,173,bug,60,50,70,50,90,65,385,0
lotad,5,26,44,water,40,30,30,40,50,30,220,0
lombre,12,325,119,water,60,50,50,60,70,50,340,0
ludicolo,15,550,216,water,80,70,70,90,100,70,480,0
seedot,5,40,44,grass,40,40,50,30,30,30,220,0
nuzleaf,10,280,119,grass,70,70,40,60,40,60,340,0
shiftry,13,596,216,grass,90,100,60,90,60,80,480,0
taillow,3,23,54,normal,40,55,30,30,30,85,270,0
swellow,7,198,159,normal,60,85,60,75,50,125,455,0
wingull,6,95,54,water,40,30,30,55,30,85,270,0
pelipper,12,280,154,water,60,50,100,95,70,65,440,0
ralts,4,66,40,psychic,28,25,25,45,35,40,198,0
kirlia,8,202,97,psychic,38,35,35,65,55,50,278,0
gardevoir,16,484,233,psychic,68,65,65,125,115,80,518,1
surskit,5,17,54,bug,40,30,32,50,52,65,269,0
masquerain,8,36,159,bug,70,60,62,100,82,80,454,0
shroomish,4,45,59,grass,60,40,60,40,60,35,295,0
breloom,12,392,161,grass,60,130,80,60,60,70,460,0
slakoth,8,240,56,normal,60,60,60,35,35,30,280,0
vigoroth,14,465,154,normal,80,80,80,55,55,90,440,0
slaking,20,1305,252,normal,150,160,100,95,65,100,670,1
nincada,5,55,53,bug,31,45,90,30,30,40,266,0
ninjask,8,120,160,bug,61,90,45,50,50,160,456,0
shedinja,8,12,83,bug,1,90,45,30,30,40,236,0
whismur,6,163,48,normal,64,51,23,51,23,28,240,0
loudred,10,405,126,normal,84,71,43,71,43,48,360,0
exploud,15,840,221,normal,104,91,63,91,73,68,490,0
makuhita,10,864,47,fighting,72,60,30,20,30,25,237,0
hariyama,23,2538,166,fighting,144,120,60,40,60,50,474,0
azurill,2,20,38,normal,50,20,40,20,40,20,190,0
nosepass,10,970,75,rock,30,45,135,45,90,30,375,0
skitty,6,110,52,normal,50,45,45,35,35,50,260,0
delcatty,11,326,140,normal,70,65,65,55,55,90,400,0
sableye,5,110,133,dark,50,75,75,65,65,50,380,0
mawile,6,115,133,steel,50,85,85,55,55,50,380,0
aron,4,600,66,steel,50,70,100,40,40,30,330,0
lairon,9,1200,151,steel,60,90,140,50,50,40,430,0
aggron,21,3600,239,steel,70,110,180,60,60,50,530,1
meditite,6,112,56,fighting,30,40,55,40,55,60,280,0
medicham,13,315,144,fighting,60,60,75,60,75,80,410,0
electrike,6,152,59,electric,40,45,40,65,40,65,295,0
manectric,15,402,166,electric,70,75,60,105,60,105,475,0
plusle,4,42,142,electric,60,50,40,85,75,95,405,0
minun,4,42,142,electric,60,40,50,75,85,95,405,0
volbeat,7,177,151,bug,65,73,75,47,85,85,430,0
illumise,6,177,151,bug,65,47,75,73,85,85,430,0
roselia,3,20,140,grass,50,60,45,100,80,65,400,0
gulpin,4,103,60,poison,70,43,53,43,53,40,302,0
swalot,17,800,163,poison,100,73,83,73,83,55,467,0
carvanha,8,208,61,water,45,90,20,65,20,65,305,0
sharpedo,18,888,161,water,70,120,40,95,40,95,460,0
wailmer,20,1300,80,water,130,70,35,70,35,60,400,0
wailord,145,3980,175,water,170,90,45,90,45,60,500,0
numel,7,240,61,fire,60,60,40,65,45,35,305,0
camerupt,19,2200,161,fire,70,100,70,105,75,40,460,0
torkoal,5,804,165,fire,70,85,140,85,70,20,470,0
spoink,7,306,66,psychic,60,25,35,70,80,60,330,0
grumpig,9,715,165,psychic,80,45,65,90,110,80,470,0
spinda,11,50,126,normal,60,60,60,60,60,60,360,0
trapinch,7,150,58,ground,45,100,45,45,45,10,290,0
vibrava,11,153,119,ground,50,70,50,50,50,70,340,0
flygon,20,820,234,ground,80,100,80,80,80,100,520,1
cacnea,4,513,67,grass,50,85,40,85,40,35,335,0
cacturne,13,774,166,grass,70,115,60,115,60,55,475,0
swablu,4,12,62,normal,45,40,60,40,75,50,310,0
altaria,11,206,172,dragon,75,70,90,70,105,80,490,0
zangoose,13,403,160,normal,73,115,60,60,60,90,458,0
seviper,27,525,160,poison,73,100,60,100,60,65,458,0
lunatone,10,1680,161,rock,90,55,65,95,85,70,460,0
solrock,12,1540,161,rock,90,95,85,55,65,70,460,0
barboach,4,19,58,water,50,48,43,46,41,60,288,0
whiscash,9,236,164,water,110,78,73,76,71,60,468,0
corphish,6,115,62,water,43,80,65,50,35,35,308,0
crawdaunt,11,328,164,water,63,120,85,90,55,55,468,0
baltoy,5,215,60,ground,40,40,55,40,70,55,300,0
claydol,15,1080,175,ground,60,70,105,70,120,75,500,0
lileep,10,238,71,rock,66,41,77,61,87,23,355,0
cradily,15,604,173,rock,86,81,97,81,107,43,495,0
anorith,7,125,71,rock,45,95,50,40,50,75,355,0
armaldo,15,682,173,rock,75,125,100,70,80,45,495,0
feebas,6,74,40,water,20,15,20,10,55,80,200,0
milotic,62,1620,189,water,95,60,79,100,125,81,540,1
castform,3,8,147,normal,70,70,70,70,70,70,420,0
kecleon,10,220,154,normal,60,90,70,60,120,40,440,0
shuppet,6,23,59,ghost,44,75,35,63,33,45,295,0
banette,11,125,159,ghost,64,115,65,83,63,65,455,0
duskull,8,150,59,ghost,20,40,90,30,90,25,295,0
dusclops,16,306,159,ghost,40,70,130,60,130,25,455,0
tropius,20,1000,161,grass,99,68,83,72,87,51,460,0
chimecho,6,10,159,psychic,75,50,80,95,90,65,455,0
absol,12,470,163,dark,65,130,60,75,60,75,465,0
wynaut,6,140,52,psychic,95,23,48,23,48,23,260,0
snorunt,7,168,60,ice,50,50,50,50,50,50,300,0
glalie,15,2565,168,ice,80,80,80,80,80,80,480,0
spheal,8,395,58,ice,70,40,50,55,50,25,290,0
sealeo,11,876,144,ice,90,60,70,75,70,45,410,0
walrein,14,1506,239,ice,110,80,90,95,90,65,530,1
clamperl,4,525,69,water,35,64,85,74,55,32,345,0
huntail,17,270,170,water,55,104,105,94,75,52,485,0
gorebyss,18,226,170,water,55,84,105,114,75,52,485,0
relicanth,10,234,170,water,100,90,130,45,65,55,485,0
luvdisc,6,87,116,water,43,30,55,40,65,97,330,0
bagon,6,421,60,dragon,45,75,60,40,30,50,300,0
shelgon,11,1105,147,dragon,65,95,100,60,50,50,420,0
salamence,15,1026,270,dragon,95,135,80,110,80,100,600,1
beldum,6,952,60,steel,40,55,80,35,60,30,300,0
metang,12,2025,147,steel,60,75,100,55,80,50,420,0
metagross,16,5500,270,steel,80,135,130,95,90,70,600,1
regirock,17,2300,261,rock,80,100,200,50,100,50,580,1
regice,18,1750,261,ice,80,50,100,100,200,50,580,1
registeel,19,2050,261,steel,80,75,150,75,150,50,580,1
latias,14,400,270,dragon,80,80,90,110,130,110,600,1
latios,20,600,270,dragon,80,90,80,130,110,110,600,1
kyogre,45,3520,302,water,100,100,90,150,140,90,670,1
groudon,35,9500,302,ground,100,150,140,100,90,90,670,1
rayquaza,70,2065,306,dragon,105,150,90,150,90,95,680,1
jirachi,3,11,270,steel,100,100,100,100,100,100,600,1
deoxys-normal,17,608,270,psychic,50,150,50,150,50,150,600,1
turtwig,4,102,64,grass,55,68,64,45,55,31,318,0
grotle,11,970,142,grass,75,89,85,55,65,36,405,0
torterra,22,3100,236,grass,95,109,105,75,85,56,525,1
chimchar,5,62,62,fire,44,58,44,58,44,61,309,0
monferno,9,220,142,fire,64,78,52,78,52,81,405,0
infernape,12,550,240,fire,76,104,71,104,71,108,534,1
piplup,4,52,63,water,53,51,53,61,56,40,314,0
prinplup,8,230,142,water,64,66,68,81,76,50,405,0
empoleon,17,845,239,water,84,86,88,111,101,60,530,1
starly,3,20,49,normal,40,55,30,30,30,60,245,0
staravia,6,155,119,normal,55,75,50,40,40,80,340,0
staraptor,12,249,218,normal,85,120,70,50,60,100,485,0
bidoof,5,200,50,normal,59,45,40,35,40,31,250,0
bibarel,10,315,144,normal,79,85,60,55,60,71,410,0
kricketot,3,22,39,bug,37,25,41,25,41,25,194,0
kricketune,10,255,134,bug,77,85,51,55,51,65,384,0
shinx,5,95,53,electric,45,65,34,40,34,45,263,0
luxio,9,305,127,electric,60,85,49,60,49,60,363,0
luxray,14,420,235,electric,80,120,79,95,79,70,523,1
budew,2,12,56,grass,40,30,35,50,70,55,280,0
roserade,9,145,232,grass,60,70,65,125,105,90,515,1
cranidos,9,315,70,rock,67,125,40,30,30,58,350,0
rampardos,16,1025,173,rock,97,165,60,65,50,58,495,0
shieldon,5,570,70,rock,30,42,118,42,88,30,350,0
bastiodon,13,1495,173,rock,60,52,168,47,138,30,495,0
burmy,2,34,45,bug,40,29,45,29,45,36,224,0
wormadam-plant,5,65,148,bug,60,59,85,79,105,36,424,0
mothim,9,233,148,bug,70,94,50,94,50,66,424,0
combee,3,55,49,bug,30,30,42,30,42,70,244,0
vespiquen,12,385,166,bug,70,80,102,80,102,40,474,0
pachirisu,4,39,142,electric,60,45,70,45,90,95,405,0
buizel,7,295,66,water,55,65,35,60,30,85,330,0
floatzel,11,335,173,water,85,105,55,85,50,115,495,0
cherubi,4,33,55,grass,45,35,45,62,53,35,275,0
cherrim,5,93,158,grass,70,60,70,87,78,85,450,0
shellos,3,63,65,water,76,48,48,57,62,34,325,0
gastrodon,9,299,166,water,111,83,68,92,82,39,475,0
ambipom,12,203,169,normal,75,100,66,60,66,115,482,0
drifloon,4,12,70,ghost,90,50,34,60,44,70,348,0
drifblim,12,150,174,ghost,150,80,44,90,54,80,498,0
buneary,4,55,70,normal,55,66,44,44,56,85,350,0
lopunny,12,333,168,normal,65,76,84,54,96,105,480,0
mismagius,9,44,173,ghost,60,60,60,105,105,105,495,0
honchkrow,9,273,177,dark,100,125,52,105,52,71,505,0
glameow,5,39,62,normal,49,55,42,42,37,85,310,0
purugly,10,438,158,normal,71,82,64,64,59,112,452,0
chingling,2,6,57,psychic,45,30,50,65,50,45,285,0
stunky,4,192,66,poison,63,63,47,41,41,74,329,0
skuntank,10,380,168,poison,103,93,67,71,61,84,479,0
bronzor,5,605,60,steel,57,24,86,24,86,23,300,0
bronzong,13,1870,175,steel,67,89,116,79,116,33,500,0
bonsly,5,150,58,rock,50,80,95,10,45,10,290,0
mime-jr,6,130,62,psychic,20,25,45,70,90,60,310,0
happiny,6,244,110,normal,100,5,5,15,65,30,220,0
chatot,5,19,144,normal,76,65,45,92,42,91,411,0
spiritomb,10,1080,170,ghost,50,92,108,92,108,35,485,0
gible,7,205,60,dragon,58,70,45,40,45,42,300,0
gabite,14,560,144,dragon,68,90,65,50,55,82,410,0
garchomp,19,950,270,dragon,108,130,95,80,85,102,600,1
munchlax,6,1050,78,normal,135,85,40,40,85,5,390,0
riolu,7,202,57,fighting,40,70,40,35,40,60,285,0
lucario,12,540,184,fighting,70,110,70,115,70,90,525,1
hippopotas,8,495,66,ground,68,72,78,38,42,32,330,0
hippowdon,20,3000,184,ground,108,112,118,68,72,47,525,1
skorupi,8,120,66,poison,40,50,90,30,55,65,330,0
drapion,13,615,175,poison,70,90,110,60,75,95,500,0
croagunk,7,230,60,poison,48,61,40,61,40,50,300,0
toxicroak,13,444,172,poison,83,106,65,86,65,85,490,0
carnivine,14,270,159,grass,74,100,72,90,72,46,454,0
finneon,4,70,66,water,49,49,56,49,61,66,330,0
lumineon,12,240,161,water,69,69,76,69,86,91,460,0
mantyke,10,650,69,water,45,20,50,60,120,50,345,0
snover,10,505,67,grass,60,62,50,62,60,40,334,0
abomasnow,22,1355,173,grass,90,92,75,92,85,60,494,0
weavile,11,340,179,dark,70,120,65,45,85,125,510,1
magnezone,12,1800,241,electric,70,70,115,130,90,60,535,1
lickilicky,17,1400,180,normal,110,85,95,80,95,50,515,1
rhyperior,24,2828,241,ground,115,140,130,55,55,40,535,1
tangrowth,20,1286,187,grass,100,100,125,110,50,50,535,1
electivire,18,1386,243,electric,75,123,67,95,85,95,540,1
magmortar,16,680,243,fire,75,95,67,125,95,83,540,1
togekiss,15,380,245,fairy,85,50,95,120,115,80,545,1
yanmega,19,515,180,bug,86,76,86,116,56,95,515,1
leafeon,10,255,184,grass,65,110,130,60,65,95,525,1
glaceon,8,259,184,ice,65,60,110,130,95,65,525,1
gliscor,20,425,179,ground,75,95,125,45,75,95,510,1
mamoswine,25,2910,239,ice,110,130,80,70,60,80,530,1
porygon-z,9,340,241,normal,85,80,70,135,75,90,535,1
gallade,16,520,233,psychic,68,125,65,65,115,80,518,1
probopass,14,3400,184,rock,60,55,145,75,150,40,525,1
dusknoir,22,1066,236,ghost,45,100,135,65,135,45,525,1
froslass,13,266,168,ice,70,80,70,80,70,110,480,0
rotom,3,3,154,electric,50,50,77,95,77,91,440,0
uxie,3,3,261,psychic,75,75,130,75,130,95,580,1
mesprit,3,3,261,psychic,80,105,105,105,105,80,580,1
azelf,3,3,261,psychic,75,125,70,125,70,115,580,1
dialga,54,6830,306,steel,100,120,120,150,100,90,680,1
palkia,42,3360,306,water,90,120,100,150,120,100,680,1
heatran,17,4300,270,fire,91,90,106,130,106,77,600,1
regigigas,37,4200,302,normal,110,160,110,80,110,100,670,1
giratina-altered,45,7500,306,ghost,150,100,120,100,120,90,680,1
cresselia,15,856,270,psychic,120,70,110,75,120,85,580,1
phione,4,31,216,water,80,80,80,80,80,80,480,0
manaphy,3,14,270,water,100,100,100,100,100,100,600,1
darkrai,15,505,270,dark,70,90,90,135,90,125,600,1
shaymin-land,2,21,270,grass,100,100,100,100,100,100,600,1
arceus,32,3200,324,normal,120,120,120,120,120,120,720,1
victini,4,40,270,psychic,100,100,100,100,100,100,600,1
snivy,6,81,62,grass,45,45,55,45,55,63,308,0
servine,8,160,145,grass,60,60,75,60,75,83,413,0
serperior,33,630,238,grass,75,75,95,75,95,113,528,1
tepig,5,99,62,fire,65,63,45,45,45,45,308,0
pignite,10,555,146,fire,90,93,55,70,55,55,418,0
emboar,16,1500,238,fire,110,123,65,100,65,65,528,1
oshawott,5,59,62,water,55,55,45,63,45,45,308,0
dewott,8,245,145,water,75,75,60,83,60,60,413,0
samurott,15,946,238,water,95,100,85,108,70,70,528,1
patrat,5,116,51,normal,45,55,39,35,39,42,255,0
watchog,11,270,147,normal,60,85,69,60,69,77,420,0
lillipup,4,41,55,normal,45,60,45,25,45,55,275,0
herdier,9,147,130,normal,65,80,65,35,65,60,370,0
stoutland,12,610,225,normal,85,110,90,45,90,80,500,0
purrloin,4,101,56,dark,41,50,37,50,37,66,281,0
liepard,11,375,156,dark,64,88,50,88,50,106,446,0
pansage,6,105,63,grass,50,53,48,53,48,64,316,0
simisage,11,305,174,grass,75,98,63,98,63,101,498,0
pansear,6,110,63,fire,50,53,48,53,48,64,316,0
simisear,10,280,174,fire,75,98,63,98,63,101,498,0
panpour,6,135,63,water,50,53,48,53,48,64,316,0
simipour,10,290,174,water,75,98,63,98,63,101,498,0
munna,6,233,58,psychic,76,25,45,67,55,24,292,0
musharna,11,605,170,psychic,116,55,85,107,95,29,487,0
pidove,3,21,53,normal,50,55,50,36,30,43,264,0
tranquill,6,150,125,normal,62,77,62,50,42,65,358,0
unfezant,12,290,220,normal,80,115,80,65,55,93,488,0
blitzle,8,298,59,electric,45,60,32,50,32,76,295,0
zebstrika,16,795,174,electric,75,100,63,80,63,116,497,0
roggenrola,4,180,56,rock,55,75,85,25,25,15,280,0
boldore,9,1020,137,rock,70,105,105,50,40,20,390,0
gigalith,17,2600,232,rock,85,135,130,60,80,25,515,1
woobat,4,21,65,psychic,65,45,43,55,43,72,323,0
swoobat,9,105,149,psychic,67,57,55,77,55,114,425,0
drilbur,3,85,66,ground,60,85,40,30,45,68,328,0
excadrill,7,404,178,ground,110,135,60,50,65,88,508,0
audino,11,310,390,normal,103,60,86,60,86,50,445,0
timburr,6,125,61,fighting,75,80,55,25,35,35,305,0
gurdurr,12,400,142,fighting,85,105,85,40,50,40,405,0
conkeldurr,14,870,227,fighting,105,140,95,55,65,45,505,0
tympole,5,45,59,water,50,50,40,50,40,64,294,0
palpitoad,8,170,134,water,75,65,55,65,55,69,384,0
seismitoad,15,620,229,water,105,95,75,85,75,74,509,1
throh,13,555,163,fighting,120,100,85,30,85,45,465,0
sawk,14,510,163,fighting,75,125,75,30,75,85,465,0
sewaddle,3,25,62,bug,45,53,70,40,60,42,310,0
swadloon,5,73,133,bug,55,63,90,50,80,42,380,0
leavanny,12,205,225,bug,75,103,80,70,80,92,500,0
venipede,4,53,52,bug,30,45,59,30,39,57,260,0
whirlipede,12,585,126,bug,40,55,99,40,79,47,360,0
scolipede,25,2005,218,bug,60,100,89,55,69,112,485,0
cottonee,3,6,56,grass,40,27,60,37,50,66,280,0
whimsicott,7,66,168,grass,60,67,85,77,75,116,480,0
petilil,5,66,56,grass,45,35,50,70,50,30,280,0
lilligant,11,163,168,grass,70,60,75,110,75,90,480,0
basculin-red-striped,10,180,161,water,70,92,65,80,55,98,460,0
sandile,7,152,58,ground,50,72,35,35,35,65,292,0
krokorok,10,334,123,ground,60,82,45,45,45,74,351,0
krookodile,15,963,234,ground,95,117,80,65,70,92,519,1
darumaka,6,375,63,fire,70,90,45,15,45,50,315,0
darmanitan-standard,13,929,168,fire,105,140,55,30,55,95,480,0
maractus,10,280,161,grass,75,86,67,106,67,60,461,0
dwebble,3,145,65,bug,50,65,85,35,35,55,325,0
crustle,14,2000,170,bug,70,105,125,65,75,45,485,0
scraggy,6,118,70,dark,50,75,70,35,70,48,348,0
scrafty,11,300,171,dark,65,90,115,45,115,58,488,0
sigilyph,14,140,172,psychic,72,58,80,103,80,97,490,0
yamask,5,15,61,ghost,38,30,85,55,65,30,303,0
cofagrigus,17,765,169,ghost,58,50,145,95,105,30,483,0
tirtouga,7,165,71,water,54,78,103,53,45,22,355,0
carracosta,12,810,173,water,74,108,133,83,65,32,495,0
archen,5,95,71,rock,55,112,45,74,45,70,401,0
archeops,14,320,177,rock,75,140,65,112,65,110,567,1
trubbish,6,310,66,poison,50,50,62,40,62,65,329,0
garbodor,19,1073,166,poison,80,95,82,60,82,75,474,0
zorua,7,125,66,dark,40,65,40,80,40,65,330,0
zoroark,16,811,179,dark,60,105,60,120,60,105,510,1
minccino,4,58,60,normal,55,50,40,40,40,75,300,0
cinccino,5,75,165,normal,75,95,60,65,60,115,470,0
gothita,4,58,58,psychic,45,30,50,55,65,45,290,0
gothorita,7,180,137,psychic,60,45,70,75,85,55,390,0
gothitelle,15,440,221,psychic,70,55,95,95,110,65,490,0
solosis,3,10,58,psychic,45,30,40,105,50,20,290,0
duosion,6,80,130,psychic,65,40,50,125,60,30,370,0
reuniclus,10,201,221,psychic,110,65,75,125,85,30,490,0
ducklett,5,55,61,water,62,44,50,44,50,55,305,0
swanna,13,242,166,water,75,87,63,87,63,98,473,0
vanillite,4,57,61,ice,36,50,50,65,60,44,305,0
vanillish,11,410,138,ice,51,65,65,80,75,59,395,0
vanilluxe,13,575,241,ice,71,95,85,110,95,79,535,1
deerling,6,195,67,normal,60,60,50,40,50,75,335,0
sawsbuck,19,925,166,normal,80,100,70,60,70,95,475,0
emolga,4,50,150,electric,55,75,60,75,60,103,428,0
karrablast,5,59,63,bug,50,75,45,40,45,60,315,0
escavalier,10,330,173,bug,70,135,105,60,105,20,495,0
foongus,2,10,59,grass,69,55,45,55,55,15,294,0
amoonguss,6,105,162,grass,114,85,70,85,80,30,464,0
frillish,12,330,67,water,55,40,50,65,85,40,335,0
jellicent,22,1350,168,water,100,60,70,85,105,60,480,0
alomomola,12,316,165,water,165,75,80,40,45,65,470,0
joltik,1,6,64,bug,50,47,50,57,50,65,319,0
galvantula,8,143,165,bug,70,77,60,97,60,108,472,0
ferroseed,6,188,61,grass,44,50,91,24,86,10,305,0
ferrothorn,10,1100,171,grass,74,94,131,54,116,20,489,0
klink,3,210,60,steel,40,55,70,45,60,30,300,0
klang,6,510,154,steel,60,80,95,70,85,50,440,0
klinklang,6,810,234,steel,60,100,115,70,85,90,520,1
tynamo,2,3,55,electric,35,55,40,45,40,60,275,0
eelektrik,12,220,142,electric,65,85,70,75,70,40,405,0
eelektross,21,805,232,electric,85,115,80,105,80,50,515,1
elgyem,5,90,67,psychic,55,55,55,85,55,30,335,0
beheeyem,10,345,170,psychic,75,75,75,125,95,40,485,0
litwick,3,31,55,ghost,50,30,55,65,55,20,275,0
lampent,6,130,130,ghost,60,40,60,95,60,55,370,0
chandelure,10,343,234,ghost,60,55,90,145,90,80,520,1
axew,6,180,64,dragon,46,87,60,30,40,57,320,0
fraxure,10,360,144,dragon,66,117,70,40,50,67,410,0
haxorus,18,1055,243,dragon,76,147,90,60,70,97,540,1
cubchoo,5,85,61,ice,55,70,40,60,40,40,305,0
beartic,26,2600,177,ice,95,130,80,70,80,50,505,0
cryogonal,11,1480,180,ice,80,50,50,95,135,105,515,1
shelmet,4,77,61,bug,50,40,85,40,65,25,305,0
accelgor,8,253,173,bug,80,70,40,100,60,145,495,0
stunfisk,7,110,165,ground,109,66,84,81,99,32,471,0
mienfoo,9,200,70,fighting,45,85,50,55,50,65,350,0
mienshao,14,355,179,fighting,65,125,60,95,60,105,510,1
druddigon,16,1390,170,dragon,77,120,90,60,90,48,485,0
golett,10,920,61,ground,59,74,50,35,50,35,303,0
golurk,28,3300,169,ground,89,124,80,55,80,55,483,0
pawniard,5,102,68,dark,45,85,70,40,40,60,340,0
bisharp,16,700,172,dark,65,125,100,60,70,70,490,0
bouffalant,16,946,172,normal,95,110,95,40,95,55,490,0
rufflet,5,105,70,normal,70,83,50,37,50,60,350,0
braviary,15,410,179,normal,100,123,75,57,75,80,510,1
vullaby,5,90,74,dark,70,55,75,45,65,60,370,0
mandibuzz,12,395,179,dark,110,65,105,55,95,80,510,1
heatmor,14,580,169,fire,85,97,66,105,66,65,484,0
durant,3,330,169,bug,58,109,112,48,48,109,484,0
deino,8,173,60,dark,52,65,50,45,50,38,300,0
zweilous,14,500,147,dark,72,85,70,65,70,58,420,0
hydreigon,18,1600,270,dark,92,105,90,125,90,98,600,1
larvesta,11,288,72,bug,55,85,55,50,55,60,360,0
volcarona,16,460,248,bug,85,60,65,135,105,100,550,1
cobalion,21,2500,261,steel,91,90,129,90,72,108,580,1
terrakion,19,2600,261,rock,91,129,90,72,90,108,580,1
virizion,20,2000,261,grass,91,90,72,90,129,108,580,1
tornadus-incarnate,15,630,261,flying,79,115,70,125,80,111,580,1
thundurus-incarnate,15,610,261,electric,79,115,70,125,80,111,580,1
reshiram,32,3300,306,dragon,100,120,100,150,120,90,680,1
zekrom,29,3450,306,dragon,100,150,120,120,100,90,680,1
landorus-incarnate,15,680,270,ground,89,125,90,115,80,101,600,1
kyurem,30,3250,297,dragon,125,130,90,130,90,95,660,1
keldeo-ordinary,14,485,261,water,91,72,90,129,90,108,580,1
meloetta-aria,6,65,270,normal,100,77,77,128,128,90,600,1
genesect,15,825,270,bug,71,120,95,120,95,99,600,1
chespin,4,90,63,grass,56,61,65,48,45,38,313,0
quilladin,7,290,142,grass,61,78,95,56,58,57,405,0
chesnaught,16,900,239,grass,88,107,122,74,75,64,530,1
fennekin,4,94,61,fire,40,45,40,62,60,60,307,0
braixen,10,145,143,fire,59,59,58,90,70,73,409,0
delphox,15,390,240,fire,75,69,72,114,100,104,534,1
froakie,3,70,63,water,41,56,40,62,44,71,314,0
frogadier,6,109,142,water,54,63,52,83,56,97,405,0
greninja,15,400,239,water,72,95,67,103,71,122,530,1
bunnelby,4,50,47,normal,38,36,38,32,36,57,237,0
diggersby,10,424,148,normal,85,56,77,50,77,78,423,0
fletchling,3,17,56,normal,45,50,43,40,38,62,278,0
fletchinder,7,160,134,fire,62,73,55,56,52,84,382,0
talonflame,12,245,175,fire,78,81,71,74,69,126,499,0
scatterbug,3,25,40,bug,38,35,40,27,25,35,200,0
spewpa,3,84,75,bug,45,22,60,27,30,29,213,0
vivillon,12,170,185,bug,80,52,50,90,50,89,411,0
litleo,6,135,74,fire,62,50,58,73,54,72,369,0
pyroar,15,815,177,fire,86,68,72,109,66,106,507,0
flabebe,1,1,61,fairy,44,38,39,61,79,42,303,0
floette,2,9,130,fairy,54,45,47,75,98,52,371,0
florges,11,100,248,fairy,78,65,68,112,154,75,552,1
skiddo,9,310,70,grass,66,65,48,62,57,52,350,0
gogoat,17,910,186,grass,123,100,62,97,81,68,531,1
pancham,6,80,70,fighting,67,82,62,46,48,43,348,0
pangoro,21,1360,173,fighting,95,124,78,69,71,58,495,0
furfrou,12,280,165,normal,75,80,60,65,90,102,472,0
espurr,3,35,71,psychic,62,48,54,63,60,68,355,0
meowstic-male,6,85,163,psychic,74,48,76,83,81,104,466,0
honedge,8,20,65,steel,45,80,100,35,37,28,325,0
doublade,8,45,157,steel,59,110,150,45,49,35,448,0
aegislash-shield,17,530,234,steel,60,50,140,50,140,60,500,0
spritzee,2,5,68,fairy,78,52,60,63,65,23,341,0
aromatisse,8,155,162,fairy,101,72,72,99,89,29,462,0
swirlix,4,35,68,fairy,62,48,66,59,57,49,341,0
slurpuff,8,50,168,fairy,82,80,86,85,75,72,480,0
inkay,4,35,58,dark,53,54,53,37,46,45,288,0
malamar,15,470,169,dark,86,92,88,68,75,73,482,0
binacle,5,310,61,rock,42,52,67,39,56,50,306,0
barbaracle,13,960,175,rock,72,105,115,54,86,68,500,0
skrelp,5,73,64,poison,50,60,60,60,60,30,320,0
dragalge,18,815,173,poison,65,75,90,97,123,44,494,0
clauncher,5,83,66,water,50,53,62,58,63,44,330,0
clawitzer,13,353,100,water,71,73,88,120,89,59,500,0
helioptile,5,60,58,electric,44,38,33,61,43,70,289,0
heliolisk,10,210,168,electric,62,55,52,109,94,109,481,0
tyrunt,8,260,72,rock,58,89,77,45,45,48,362,0
tyrantrum,25,2700,182,rock,82,121,119,69,59,71,521,1
amaura,13,252,72,rock,77,59,50,67,63,46,362,0
aurorus,27,2250,104,rock,123,77,72,99,92,58,521,1
sylveon,10,235,184,fairy,95,65,65,110,130,60,525,1
hawlucha,8,215,175,fighting,78,92,75,74,63,118,500,0
dedenne,2,22,151,electric,67,58,57,81,67,101,431,0
carbink,3,57,100,rock,50,50,150,50,150,50,500,0
goomy,3,28,60,dragon,45,50,35,55,75,40,300,0
sliggoo,8,175,158,dragon,68,75,53,83,113,60,452,0
goodra,20,1505,270,dragon,90,100,70,110,150,80,600,1
klefki,2,30,165,steel,57,80,91,80,87,75,470,0
phantump,4,70,62,ghost,43,70,48,50,60,38,309,0
trevenant,15,710,166,ghost,85,110,76,65,82,56,474,0
pumpkaboo-average,4,50,67,ghost,49,66,70,44,55,51,335,0
gourgeist-average,9,125,173,ghost,65,90,122,58,75,84,494,0
bergmite,10,995,61,ice,55,69,85,32,35,28,304,0
avalugg,20,5050,180,ice,95,117,184,44,46,28,514,1
noibat,5,80,49,flying,40,30,35,45,40,55,245,0
noivern,15,850,187,flying,85,70,80,97,80,123,535,1
xerneas,30,2150,306,fairy,126,131,95,131,98,99,680,1
yveltal,58,2030,306,dark,126,131,95,131,98,99,680,1
zygarde-50,50,3050,270,dragon,108,100,121,81,95,95,600,1
diancie,7,88,270,rock,50,100,150,100,150,50,600,1
hoopa,5,90,270,psychic,80,110,60,150,130,70,600,1
volcanion,17,1950,270,fire,80,110,120,130,90,70,600,1
rowlet,3,15,64,grass,68,55,55,50,50,42,320,0
dartrix,7,160,147,grass,78,75,75,70,70,52,420,0
decidueye,16,366,239,grass,78,107,75,100,100,70,530,1
litten,4,43,64,fire,45,65,40,60,40,70,320,0
torracat,7,250,147,fire,65,85,50,80,50,90,420,0
incineroar,18,830,239,fire,95,115,90,80,90,60,530,1
popplio,4,75,64,water,50,54,54,66,56,40,320,0
brionne,6,175,147,water,60,69,69,91,81,50,420,0
primarina,18,440,239,water,80,74,74,126,116,60,530,1
pikipek,3,12,53,normal,35,75,30,30,30,65,265,0
trumbeak,6,148,124,normal,55,85,50,40,50,75,355,0
toucannon,11,260,218,normal,80,120,75,75,75,60,485,0
yungoos,4,60,51,normal,48,70,30,30,30,45,253,0
gumshoos,7,142,146,normal,88,110,60,55,60,45,418,0
grubbin,4,44,60,bug,47,62,45,55,45,46,300,0
charjabug,5,105,140,bug,57,82,95,55,75,36,400,0
vikavolt,15,450,225,bug,77,70,90,145,75,43,500,0
crabrawler,6,70,68,fighting,47,82,57,42,47,63,338,0
crabominable,17,1800,167,fighting,97,132,77,62,67,43,478,0
oricorio-baile,6,34,167,fire,75,70,70,98,70,93,476,0
cutiefly,1,2,61,bug,40,45,40,55,40,84,304,0
ribombee,2,5,162,bug,60,55,60,95,70,124,464,0
rockruff,5,92,56,rock,45,65,40,30,40,60,280,0
lycanroc-midday,8,250,170,rock,75,115,65,55,65,112,487,0
wishiwashi-solo,2,3,61,water,45,20,20,25,25,40,175,0
mareanie,4,80,61,poison,50,53,62,43,52,45,305,0
toxapex,7,145,173,poison,50,63,152,53,142,35,495,0
mudbray,10,1100,77,ground,70,100,70,45,55,45,385,0
mudsdale,25,9200,175,ground,100,125,100,55,85,35,500,0
dewpider,3,40,54,water,38,40,52,40,72,27,269,0
araquanid,18,820,159,water,68,70,92,50,132,42,454,0
fomantis,3,15,50,grass,40,55,35,50,35,35,250,0
lurantis,9,185,168,grass,70,105,90,80,90,45,480,0
morelull,2,15,57,grass,40,35,55,65,75,15,285,0
shiinotic,10,115,142,grass,60,45,80,90,100,30,405,0
salandit,6,48,64,poison,48,44,40,71,40,77,320,0
salazzle,12,222,168,poison,68,64,60,111,60,117,480,0
stufful,5,68,68,normal,70,75,50,45,50,50,340,0
bewear,21,1350,175,normal,120,125,80,55,60,60,500,0
bounsweet,3,32,42,grass,42,30,38,30,38,32,210,0
steenee,7,82,102,grass,52,40,48,40,48,62,290,0
tsareena,12,214,230,grass,72,120,98,50,98,72,510,1
comfey,1,3,170,fairy,51,52,90,82,110,100,485,0
oranguru,15,760,172,normal,90,60,80,90,110,60,490,0
passimian,20,828,172,fighting,100,120,90,40,60,80,490,0
wimpod,5,120,46,bug,25,35,40,20,30,80,230,0
golisopod,20,1080,186,bug,75,125,140,60,90,40,530,1
sandygast,5,700,64,ghost,55,55,80,70,45,15,320,0
palossand,13,2500,168,ghost,85,75,110,100,75,35,480,0
pyukumuku,3,12,144,water,55,60,130,30,130,5,410,0
type-null,19,1205,107,normal,95,95,95,95,95,59,534,1
silvally,23,1005,257,normal,95,95,95,95,95,95,570,1
minior-red-meteor,3,400,154,rock,60,60,100,60,100,60,440,0
komala,4,199,168,normal,65,115,65,75,95,65,480,0
turtonator,20,2120,170,fire,60,78,135,91,85,36,485,0
togedemaru,3,33,152,electric,65,98,63,40,73,96,435,0
mimikyu-disguised,2,7,167,ghost,55,90,80,50,105,96,476,0
bruxish,9,190,166,water,68,105,70,70,70,92,475,0
drampa,30,1850,170,normal,78,60,85,135,91,36,485,0
dhelmise,39,2100,181,ghost,70,131,100,86,90,40,517,1
jangmo-o,6,297,60,dragon,45,55,65,45,45,45,300,0
hakamo-o,12,470,147,dragon,55,75,90,65,70,65,420,0
kommo-o,16,782,270,dragon,75,110,125,100,105,85,600,1
tapu-koko,18,205,257,electric,70,115,85,95,75,130,570,1
tapu-lele,12,186,257,psychic,70,85,75,130,115,95,570,1
tapu-bulu,19,455,257,grass,70,130,115,85,95,75,570,1
tapu-fini,13,212,257,water,70,75,115,95,130,85,570,1
cosmog,2,1,40,psychic,43,29,31,29,31,37,200,0
cosmoem,1,9999,140,psychic,43,29,131,29,131,37,400,0
solgaleo,34,2300,306,psychic,137,137,107,113,89,97,680,1
lunala,40,1200,306,psychic,137,113,89,137,107,97,680,1
nihilego,12,555,257,rock,109,53,47,127,131,103,570,1
buzzwole,24,3336,257,bug,107,139,139,53,53,79,570,1
pheromosa,18,250,257,bug,71,137,37,137,37,151,570,1
xurkitree,38,1000,257,electric,83,89,71,173,71,83,570,1
celesteela,92,9999,257,steel,97,101,103,107,101,61,570,1
kartana,3,1,257,grass,59,181,131,59,31,109,570,1
guzzlord,55,8880,257,dark,223,101,53,97,53,43,570,1
necrozma,24,2300,270,psychic,97,107,101,127,89,79,600,1
magearna,10,805,270,steel,80,95,115,130,115,65,600,1
marshadow,7,222,270,fighting,90,125,80,90,90,125,600,1
poipole,6,18,189,poison,67,73,67,73,67,73,420,0
naganadel,36,1500,243,poison,73,73,73,127,73,121,540,1
stakataka,55,8200,257,rock,61,131,211,53,101,13,570,1
blacephalon,18,130,257,fire,53,127,53,151,79,107,570,1
zeraora,15,445,270,electric,88,112,75,102,80,143,600,1
meltan,2,80,135,steel,46,65,65,55,35,34,300,0
melmetal,25,8000,270,steel,135,143,143,80,65,34,600,1
grookey,3,50,62,grass,50,65,50,40,40,65,310,0
thwackey,7,140,147,grass,70,85,70,55,60,80,420,0
rillaboom,21,900,265,grass,100,125,90,60,70,85,530,1
scorbunny,3,45,62,fire,50,71,40,40,40,69,310,0
raboot,6,90,147,fire,65,86,60,55,60,94,420,0
cinderace,14,330,265,fire,80,116,75,65,75,119,530,1
sobble,3,40,62,water,50,40,40,70,40,70,310,0
drizzile,7,115,147,water,65,60,55,95,55,90,420,0
inteleon,19,452,265,water,70,85,65,125,65,120,530,1
skwovet,3,25,55,normal,70,55,55,35,35,25,275,0
greedent,6,60,161,normal,120,95,95,55,75,20,460,0
rookidee,2,18,49,flying,38,47,35,33,35,57,245,0
corvisquire,8,160,128,flying,68,67,55,43,55,77,365,0
corviknight,22,750,248,flying,98,87,105,53,85,67,495,0
blipbug,4,80,36,bug,25,20,20,25,45,45,180,0
dottler,4,195,117,bug,50,35,80,50,90,30,335,0
orbeetle,4,408,253,bug,60,45,110,80,120,90,505,0
nickit,6,89,49,dark,40,28,28,47,52,50,245,0
thievul,12,199,159,dark,70,58,58,87,92,90,455,0
gossifleur,4,22,50,grass,40,40,60,40,60,10,250,0
eldegoss,5,25,161,grass,60,50,90,80,120,60,460,0
wooloo,6,60,122,normal,42,40,55,40,45,48,270,0
dubwool,13,430,172,normal,72,80,100,60,90,88,490,0
chewtle,3,85,57,water,50,64,50,38,38,44,284,0
drednaw,10,1155,170,water,90,115,90,48,68,74,485,0
yamper,3,135,54,electric,59,45,50,40,50,26,270,0
boltund,10,340,172,electric,69,90,60,90,60,121,490,0
rolycoly,3,120,48,rock,30,40,50,40,50,30,240,0
carkol,11,780,144,rock,80,60,90,60,70,50,410,0
coalossal,28,3105,255,rock,110,80,120,80,90,30,510,1
applin,2,5,52,grass,40,40,80,40,40,20,260,0
flapple,3,10,170,grass,70,110,80,95,60,70,485,0
appletun,4,130,170,grass,110,85,80,100,80,30,485,0
silicobra,22,76,63,ground,52,57,75,35,50,46,315,0
sandaconda,38,655,179,ground,72,107,125,65,70,71,510,1
cramorant,8,180,166,flying,70,85,55,85,95,85,475,0
arrokuda,5,10,56,water,41,63,40,40,30,66,280,0
barraskewda,13,300,172,water,61,123,60,60,50,136,490,0
toxel,4,110,48,electric,40,38,35,54,35,40,242,0
toxtricity-amped,16,400,176,electric,75,98,70,114,70,75,502,0
sizzlipede,7,10,61,fire,50,65,45,50,50,45,305,0
centiskorch,30,1200,184,fire,100,115,65,90,90,65,525,1
clobbopus,6,40,62,fighting,50,68,60,50,50,32,310,0
grapploct,16,390,168,fighting,80,118,90,70,80,42,480,0
sinistea,1,2,62,ghost,40,45,45,74,54,50,308,0
polteageist,2,4,178,ghost,60,65,65,134,114,70,508,0
hatenna,4,34,53,psychic,42,30,45,56,53,39,265,0
hattrem,6,48,130,psychic,57,40,65,86,73,49,370,0
hatterene,21,51,255,psychic,57,90,95,136,103,29,510,1
impidimp,4,55,53,dark,45,45,30,55,40,50,265,0
morgrem,8,125,130,dark,65,60,45,75,55,70,370,0
grimmsnarl,15,610,255,dark,95,120,65,95,75,60,510,1
obstagoon,16,460,260,dark,93,90,101,60,81,95,520,1
perrserker,8,280,154,steel,70,110,100,50,60,50,440,0
cursola,10,4,179,ghost,60,95,50,145,130,30,510,1
sirfetchd,8,1170,177,fighting,62,135,95,68,82,65,507,0
mr-rime,15,582,182,ice,80,85,75,110,100,70,520,1
runerigus,16,666,169,ground,58,95,145,50,105,30,483,0
milcery,2,3,54,fairy,45,40,40,50,61,34,270,0
alcremie,3,5,173,fairy,65,60,75,110,121,64,495,0
falinks,30,620,165,fighting,65,100,100,70,60,75,470,0
pincurchin,3,10,152,electric,48,101,95,91,85,15,435,0
snom,3,38,37,ice,30,25,35,45,30,20,185,0
frosmoth,13,420,166,ice,70,65,60,125,90,65,475,0
stonjourner,25,5200,165,rock,100,125,135,20,20,70,470,0
eiscue-ice,14,890,165,ice,75,80,110,65,90,50,470,0
indeedee-male,9,280,166,psychic,60,65,55,105,95,95,475,0
morpeko-full-belly,3,30,153,electric,58,95,58,70,58,97,436,0
cufant,12,1000,66,steel,72,80,49,40,49,40,330,0
copperajah,30,6500,175,steel,122,130,69,80,69,30,500,0
dracozolt,18,1900,177,electric,90,100,90,80,70,75,505,0
arctozolt,23,1500,177,electric,90,100,90,90,80,55,505,0
dracovish,23,2150,177,water,90,90,100,70,80,75,505,0
arctovish,20,1750,177,water,90,90,100,80,90,55,505,0
duraludon,18,400,187,steel,70,95,115,120,50,85,535,1
dreepy,5,20,54,dragon,28,60,30,40,30,82,270,0
drakloak,14,110,144,dragon,68,80,50,60,50,102,410,0
dragapult,30,500,300,dragon,88,120,75,100,75,142,600,1
zacian,28,1100,335,fairy,92,120,115,80,115,138,660,1
zamazenta,29,2100,335,fighting,92,120,115,80,115,138,660,1
eternatus,200,9500,345,poison,140,85,95,145,95,130,690,1
kubfu,6,120,77,fighting,60,90,60,53,50,72,385,0
urshifu-single-strike,19,1050,275,fighting,100,130,100,63,60,97,550,1
zarude,18,700,300,dark,105,120,105,70,95,105,600,1
regieleki,12,1450,290,electric,80,100,50,100,50,200,580,1
regidrago,21,2000,290,dragon,200,100,50,100,50,80,580,1
glastrier,22,8000,290,ice,100,145,130,65,110,30,580,1
spectrier,20,445,290,ghost,100,65,60,145,80,130,580,1
calyrex,11,77,250,psychic,100,80,80,80,80,80,500,0
wyrdeer,18,951,263,normal,103,105,72,105,75,65,525,1
kleavor,18,890,175,bug,70,135,95,45,70,85,500,0
ursaluna,24,2900,275,ground,130,140,105,45,80,50,550,1
basculegion-male,30,1100,265,water,120,112,65,80,75,78,530,1
sneasler,13,430,102,fighting,80,130,60,40,80,120,510,1
overqwil,25,605,179,dark,85,115,95,65,65,85,510,1
enamorus-incarnate,16,480,116,fairy,74,115,70,135,80,106,580,1
sprigatito,4,41,62,grass,40,61,54,45,45,65,310,0
floragato,9,122,144,grass,61,80,63,60,63,83,410,0
meowscarada,15,312,265,grass,76,110,70,81,70,123,530,1
fuecoco,4,98,62,fire,67,45,59,63,40,36,310,0
crocalor,10,307,144,fire,81,55,78,90,58,49,411,0
skeledirge,16,3265,265,fire,104,75,100,110,75,66,530,1
quaxly,5,61,62,water,55,65,45,50,45,50,310,0
quaxwell,12,215,144,water,70,85,65,65,60,65,410,0
quaquaval,18,619,265,water,85,120,80,85,75,85,530,1
lechonk,5,102,51,normal,54,45,40,35,45,35,254,0
oinkologne-male,10,1200,171,normal,110,100,75,59,80,65,489,0
tarountula,3,40,42,bug,35,41,45,29,40,20,210,0
spidops,10,165,141,bug,60,79,92,52,86,35,404,0
nymble,2,10,42,bug,33,46,40,21,25,45,210,0
lokix,10,175,158,bug,71,102,78,52,55,92,450,0
pawmi,3,25,48,electric,45,50,20,40,25,60,240,0
pawmo,4,65,123,electric,60,75,40,50,40,85,350,0
pawmot,9,410,245,electric,70,115,70,70,60,105,490,0
tandemaus,3,18,61,normal,50,50,45,40,45,75,305,0
maushold-family-of-four,3,23,165,normal,74,75,70,65,75,111,470,0
fidough,3,109,62,fairy,37,55,70,30,55,65,312,0
dachsbun,5,149,167,fairy,57,80,115,50,80,95,477,0
smoliv,3,65,52,grass,41,35,45,58,51,30,260,0
dolliv,6,119,124,grass,52,53,60,78,78,33,354,0
arboliva,14,482,255,grass,78,69,90,125,109,39,510,1
squawkabilly-green-plumage,6,24,146,normal,82,96,51,45,51,92,417,0
nacli,4,160,56,rock,55,55,75,35,35,25,280,0
naclstack,6,1050,124,rock,60,60,100,35,65,35,355,0
garganacl,23,2400,250,rock,100,100,130,45,90,35,500,0
charcadet,6,105,51,fire,40,50,40,50,40,35,255,0
armarouge,15,850,263,fire,85,60,100,125,80,75,525,1
ceruledge,16,620,263,fire,75,125,80,60,100,85,525,1
tadbulb,3,4,54,electric,61,31,41,59,35,45,272,0
bellibolt,12,1130,173,electric,109,64,91,103,83,45,495,0
wattrel,4,36,56,electric,40,40,35,55,40,70,280,0
kilowattrel,14,386,172,electric,70,70,60,105,60,125,490,0
maschiff,5,160,68,dark,60,78,60,40,51,51,340,0
mabosstiff,11,610,177,dark,80,120,90,60,70,85,505,0
shroodle,2,7,58,poison,40,65,35,40,35,75,290,0
grafaiai,7,272,170,poison,63,95,65,80,72,110,485,0
bramblin,6,6,55,grass,40,65,30,45,35,60,275,0
brambleghast,12,60,168,grass,55,115,70,80,70,90,480,0
toedscool,9,330,67,ground,40,40,35,50,100,70,335,0
toedscruel,19,580,180,ground,80,70,65,80,120,100,515,1
klawf,13,790,158,rock,70,100,115,35,55,75,450,0
capsakid,3,30,61,grass,50,62,40,62,40,50,304,0
scovillain,9,150,170,grass,65,108,65,108,65,75,486,0
rellor,2,10,54,bug,41,50,60,31,58,30,270,0
rabsca,3,35,165,bug,75,50,85,115,100,45,470,0
flittle,2,15,51,psychic,30,35,30,55,30,75,255,0
espathra,19,900,168,psychic,95,60,60,101,60,105,481,0
tinkatink,4,89,59,fairy,50,45,45,35,64,58,297,0
tinkatuff,7,591,133,fairy,65,55,55,45,82,78,380,0
tinkaton,7,1128,253,fairy,85,75,77,70,105,94,506,0
wiglett,12,18,49,water,10,55,25,35,25,95,245,0
wugtrio,12,54,149,water,35,100,50,50,70,120,425,0
bombirdier,15,429,243,flying,70,103,85,60,85,82,485,0
finizen,13,602,63,water,70,45,40,45,40,75,315,0
palafin-zero,13,602,160,water,100,70,72,53,62,100,457,0
varoom,10,350,60,steel,45,70,63,30,45,47,300,0
revavroom,18,1200,175,steel,80,119,90,54,67,90,500,0
cyclizar,16,630,175,dragon,70,95,65,85,65,121,501,0
orthworm,25,3100,240,steel,70,85,145,60,55,65,480,0
glimmet,7,80,70,rock,48,35,42,105,60,60,350,0
glimmora,15,450,184,rock,83,55,90,130,81,86,525,1
greavard,6,350,58,ghost,50,61,60,30,55,34,290,0
houndstone,20,150,171,ghost,72,101,100,50,97,68,488,0
flamigo,16,370,175,flying,82,115,74,75,64,90,500,0
cetoddle,12,450,67,ice,108,68,45,30,40,43,334,0
cetitan,45,7000,182,ice,170,113,65,45,55,73,521,1
veluza,25,900,167,water,90,102,73,78,65,70,478,0
dondozo,120,2200,265,water,150,100,115,65,65,35,530,1
tatsugiri-curly,3,80,166,dragon,68,50,60,120,95,82,475,0
annihilape,12,560,268,fighting,110,115,80,50,90,90,535,1
clodsire,18,2230,151,poison,130,75,60,45,100,20,430,0
farigiraf,32,1600,260,normal,120,90,70,110,70,60,520,1
dudunsparce-two-segment,36,392,182,normal,125,100,80,85,75,55,520,1
kingambit,20,1200,275,dark,100,135,120,60,85,50,550,1
great-tusk,22,3200,285,ground,115,131,131,53,53,87,570,1
scream-tail,12,80,285,fairy,115,65,99,65,115,111,570,1
brute-bonnet,12,210,285,grass,111,127,99,79,99,55,570,1
flutter-mane,14,40,285,ghost,55,55,55,135,135,135,570,1
slither-wing,32,920,285,bug,85,135,79,85,105,81,570,1
sandy-shocks,23,600,285,electric,85,81,97,121,85,101,570,1
iron-treads,9,2400,285,ground,90,112,120,72,70,106,570,1
iron-bundle,6,110,285,ice,56,80,114,124,60,136,570,1
iron-hands,18,3807,285,fighting,154,140,108,50,68,50,570,1
iron-jugulis,13,1110,285,dark,94,80,86,122,80,108,570,1
iron-moth,12,360,285,fire,80,70,60,140,110,110,570,1
iron-thorns,16,3030,285,rock,100,134,110,70,84,72,570,1
frigibax,5,170,64,dragon,65,75,45,35,45,55,320,0
arctibax,8,300,148,dragon,90,95,66,45,65,62,423,0
baxcalibur,21,2100,300,dragon,115,145,92,75,86,87,600,1
gimmighoul,3,50,60,ghost,45,30,70,75,70,10,300,0
gholdengo,12,300,275,steel,87,60,95,133,91,84,550,1
wo-chien,15,742,285,dark,85,85,100,95,135,70,570,1
chien-pao,19,1522,285,dark,80,120,80,90,65,135,570,1
ting-lu,27,6997,285,dark,155,110,125,55,80,45,570,1
chi-yu,4,49,285,dark,55,80,80,135,120,100,570,1
roaring-moon,20,3800,295,dragon,105,139,71,55,101,119,590,1
iron-valiant,14,350,295,fairy,74,130,90,120,60,116,590,1
koraidon,25,3030,335,fighting,100,135,115,85,100,135,670,1
miraidon,35,2400,335,electric,100,85,100,135,115,135,670,1
walking-wake,35,2800,295,water,99,83,91,125,83,109,590,1
iron-leaves,15,1250,295,grass,90,130,88,70,108,104,590,1
dipplin,4,97,170,grass,80,80,110,95,80,40,485,0
poltchageist,1,11,62,grass,40,45,45,74,54,50,308,0
sinistcha,2,22,178,grass,71,60,106,121,80,70,508,0
okidogi,18,922,278,poison,88,128,115,58,86,80,555,1
munkidori,10,122,278,poison,88,75,66,130,90,106,555,1
fezandipiti,14,301,278,poison,88,91,82,70,125,99,555,1
ogerpon,12,398,275,grass,80,120,84,60,96,110,550,1
archaludon,20,600,300,steel,90,105,130,125,65,85,600,1
hydrapple,18,930,270,grass,106,80,110,120,80,44,540,1
gouging-fire,35,5900,295,fire,105,115,121,65,93,91,590,1
raging-bolt,52,4800,295,electric,125,73,91,137,89,75,590,1
iron-boulder,15,1625,295,rock,90,120,80,68,108,124,590,1
iron-crown,16,1560,295,steel,90,72,100,122,108,98,590,1
terapagos,2,65,90,normal,90,65,85,65,85,60,450,0
pecharunt,3,3,300,poison,88,88,160,88,88,88,600,1
